num,csa,tpop13,male13,female13,paa13,pwhite13,pasi13,p2more13,ppac13,phisp13,racdiv13,age5_13,age18_13,age24_13,age64_13,age65_13,hhs13,femhhs13,fam13,hhsize13,mhhi13,hh25inc13,hh40inc13,hh60inc13,hh75inc13,hhm7513,gini13,hhpov13,hhchpov13,salepr13,dom13,shomes13,ownroc13,fore13,vacant13,vio13,resrehab13,totalres13,cashsa13,reosa13,,demper13,constper13,baltvac13,affordm13,affordr13,hista13X,homta13X,ownta13X,nomail13,crime13,,viol13,prop13,domvio13,juvarr13,juvviol13,juvdrug13,shoot13,gunhom13,caslt13,narc13,caracc13,,,,eattend13,mattend13,hsattend13,,aastud13,wstud13,hstud13,abse13,absmd13,abshs13,susp13,farms13,sped13,,ready13,math313,read313,math513,read513,math813,read813,hsaeng13,hsabio13,hsagov13,hsaalg13,drop13,compl13,,sclsw13,,,,sclemp13,teenbir13,termbir13,birthwt13,prenatal13,leadtest13,ebll13,leadv13,tanf13,,,liquor13,fastfd13,,,,lifexp13,mort1_13,mort14_13,mort24_13,mort44_13,mort64_13,mort84_13,mort85_13,,,,,,,libcard13,,,artbus13,artemp13,,empl13,unempl13,nilf13,unempr13,lesshs13,somecol13,bahigh13,comprop13,crehab13,numbus13,totemp13,smlbus13,wrkout13,,,banks13,biz1_13,biz2_13,biz4_13,prbprl13,,,,neiind13,neibus13,neiemp13,regvote13,voted13,dirtyst13,clogged13,drvalone13,carpool13,pubtran13,walked13,trav14_13,trav29_13,trav44_13,trav45_13,trees13,,,cmos13,waterc13,,,,,,heatgas13,elheat13,novhcl13,,weather13,wlksc13,,,,,bkln13,,othrcom13,eenrol13,menrol13,hsenrol13,hfai13,treeplnt13
1,Allendale/Irvington/S. Hilton,,,,,,,,,,,,,,,,,,,,38129.0733,32.3628,19.1216,16.3357,14.0394,18.1404,,17.6677,34.9553,"$31,806 ",57,74,60.2909,3.2866,5.2443,3.4842,1.5984,5568,78.78787879,8.333333333,,1.98,0,1.7,44.08906883,53.14926661,0,501.4367816,71.30028736,9.02101,47.29604736,,12.64105568,33.91502744,,,,,,0.369982118,,,,,,,939,593,844,,93.36,3.75,1.86,16.6134,14.6712,35.6635,7.617845118,87.78767632,18.11432814,,88.17,64.81,63.58,59.69,77.49,37.22,60.44,27.5261324,30.3030303,38.52459016,20.87227414,2.014218009,82.68156425,,6.734006734,,,,79.09715407,38.22629969,84.38,85.26785714,47.32142857,336,0,,11.06094808,,,0.616636863,0.801627921,,,,71.3,14.1,1.9,14.9,29.6,102.3,336.1,1065.3,,,,,,,185.5460319,,,0,0,,60.33082118,13.19369678,26.47548204,17.94462194,23.65985149,64.61194182,11.72820669,281,9.964412811,281,2795,269,,,,0,3.914590747,19.21708185,39.85765125,6.208371022,,,,173,10.66781772,1467,,,36.99821175,5.858050194,63.91325939,12.31584175,19.61595762,2.681675219,12.49793081,40.25823539,24.54891574,22.69491806,,,,,,,,,,,65.96587972,21.97139411,28.77821816,,0.359195402,,,,,,,,1.473266016,920,572,807,,349
2,Beechfield/Ten Hills/West Hills,,,,,,,,,,,,,,,,,,,,49807.8618,20.5381,18.9627,22.5257,10.4531,27.5203,,10.69,19.1835,"$139,500 ",53,62,80.7724,2.973,0.4168,1.4448,2.3618,3599,29.03225806,3.225806452,,0.56,6.11,6.7,42.27171492,45.89810017,0.555709919,585.1625452,60.0166713,2.40178,36.04044357,,6.441617743,28.70189172,,,,,,0,,,,,,,606,379,507,,94.47,2.88,1.53,12.0462,10.0264,23.6686,4.892761394,79.12992357,14.28571429,,82.35,76.99,73.45,71.91,82.02,42.86,75.24,44.57142857,50.28248588,53.93258427,33.52941176,1.183431953,89.25619835,,5.428954424,,,,76.40692641,29.41176471,83.66,85.62091503,49.01960784,301,0,,4.846938776,,,0.081539465,0.733855186,,,,75.4,14.7,0.9,12.9,13.8,71.5,268.4,904.8,,,,,,,140.4109589,,,0.081539465,4,,62.84140464,10.75281157,26.4057838,14.64291296,12.74366472,63.40155945,23.85477583,46,19.56521739,174,1378,166,,,,0.081539465,5.747126437,19.54022989,36.20689655,3.673036093,,,,100,8.15394651,673,,,10.19243314,5.952380952,75.34883721,11.05116279,11.34883721,1.693023256,11.14418605,49.33953488,23.81395349,15.70232558,,,,,,,,,,,76.01178782,15.16699411,18.84086444,,0.333425952,,,,,,,,0.558139535,580,365,490,,123
3,Belair-Edison,,,,,,,,,,,,,,,,,,,,43903.9013,28.4481,17.7979,19.0573,11.1832,23.5135,,16.2384,30.3351,"$45,100 ",39,117,63.479,4.6545,2.5417,2.5099,1.5091,6295,67.74193548,6.451612903,,0,0,0,41.05823234,66.57381616,0,443.3677522,57.66481334,9.76773,57.36104731,,12.34497014,43.2935232,,,,,,0.459347726,,,,,,,1149,714,1117,,96.13,1.42,1.56,16.275,8.8235,34.4673,9.832214765,86.01357333,16.46503393,,75.31,60,57.73,59.91,70.93,38.6,60.79,30.59490085,36.25304136,41.93548387,21.34570766,2.327663384,82.18623482,,7.852348993,,,,80.27522936,33.78378378,84.06,86.95652174,44.92753623,,,,10.09195402,,,0.516766192,0.861276987,,,,72.1,14.3,1.7,15,22.3,86.5,278.4,1574.8,,,,,,,261.3114378,,,0.172255397,26,,61.87320136,11.91244441,26.21435423,16.19634811,18.67621084,65.95705122,15.36673794,164,6.707317073,258,1540,245,,,,0.114836932,4.651162791,16.27906977,39.92248062,6.838414874,,,,183,10.45016077,896,,,65.91639871,5.052824989,69.65575861,9.038107381,17.5520612,2.620767814,9.661425131,37.5973934,32.58251877,20.1586627,,,,,,,,,,,69.86231515,15.21332653,27.7409485,,0.63542494,,,,,,,,1.133305001,1114,701,1080,,222
4,Brooklyn/Curtis Bay/Hawkins Point,,,,,,,,,,,,,,,,,,,,34419.9653,35.9578,20.1269,17.378,12.2561,14.2811,,28.7389,46.7419,"$45,000 ",51,77,45.6297,3.6184,5.4511,4.1353,1.0338,4256,76.85950413,0.826446281,,0.47,0.47,3.9,36.14551084,51.21202823,0,305.6860902,52.86654135,9.87973,61.29326687,,16.07807344,43.74078495,,,,,,0.140419855,,,,,,,1050,512,519,,55.76,30.31,11.92,19.1429,25.3906,39.3064,11.38875541,90.4589372,18.15619968,,70.85,68.85,62.01,60.25,64.81,26.06,60.28,38.46153846,46.15384615,58.97435897,28.83435583,5.009633911,74.7826087,,8.313310908,,,,85.39898132,52.00945626,87.05,86.33093525,43.88489209,115,0,,14.7716825,,,1.263778698,0.91272906,,,,69.5,10.2,3.1,11.5,27.2,114.8,378.3,1376,,,,,,,187.1094573,,,0.210629783,6,,54.64177598,14.70232089,30.65590313,21.20197905,34.84499945,59.06451966,6.090480885,828,7.246376812,528,6643,493,,,,0.140419855,5.303030303,23.48484848,41.85606061,8.647058824,,,,259,18.18437127,1850,,,65.99733202,4.423225444,52.03985712,17.74769694,21.80861064,4.831735289,21.05658958,29.27241963,28.78360594,20.88738485,,,,,,,,,,,68.21568627,27.37254902,33.33333333,,0.352443609,,,,,,,,3.572100019,972,480,482,,163
5,Canton,,,,,,,,,,,,,,,,,,,,90862.7129,9.2911,7.7859,13.0154,11.9724,57.9352,,3.0685,7.9284,"$285,500 ",17,244,68.3648,1.3668,0.5716,0.8201,6.4861,4024,15.46052632,0.657894737,,0,0.75,0,32.86985539,35.24930748,31.31212724,321.0735586,43.9860835,5.57425,56.41975309,,6.913580247,49.13580247,,,,,,0,,,,,,,84,39,29,,16.4,54.5,25.4,5.9524,12.8205,34.4828,5.263157895,67.72486772,10.58201058,,96,80,80,83.33,83.33,60,80,60,37.5,25,42.85714286,0,80,,5.921052632,,,,100,46.51162791,92.73,95.45454545,66.36363636,129,0,,0.58224163,,,4.320987654,1.234567901,,,,77.3,1.8,0,8.8,2.8,57.4,310.6,1065.8,,,,,,,169.382716,,,0.12345679,1,,83.65532045,4.001839926,12.34283962,4.574132492,7.354521726,28.98817749,63.65730078,207,9.661835749,400,2906,384,,,,0.24691358,5.25,24.5,42.25,1.062981664,,,,288,35.55555556,2261,,,43.7037037,6.543209877,78.88059701,6.940298507,4.962686567,5.503731343,18.5261194,42.29477612,27.70522388,11.4738806,,,,,,,,,,,64.24898512,31.33964817,10.1217862,,0,,,,,,,,3.712686567,79,35,28,,91
6,Cedonia/Frankford,,,,,,,,,,,,,,,,,,,,38117.933,31.4051,20.0723,16.9116,10.8218,20.7892,,21.0802,30.2403,"$97,250 ",39,132,75.2464,4.1494,1.2878,1.7647,2.7027,6290,40.19138756,6.698564593,,0.64,0.16,1.2,48.25788752,60.1308569,0,528.1399046,72.0190779,6.11521,52.17132912,,11.80116314,39.52116144,,,,,,0.042450227,,,,,,,1379,749,1210,,86.91,3.8,1.88,8.9195,7.3431,30,5.572198922,82.53251925,16.00743297,,84.87,63.14,59.84,72.38,71.31,42.41,65,29.42528736,35.82089552,35.07109005,21.64948454,1.73553719,81.84818482,,7.130017975,,,,94.02356902,45.50625711,87.83,91.39465875,48.66468843,287,0,,7.889200561,,,0.59430318,0.933904996,,,,72.2,14.4,2.3,9.1,22.8,79.8,374.3,1184,,,,,,,186.2291463,,,0.212251136,11,,64.79901051,10.24737168,24.95361781,13.66259894,17.93297184,69.35389038,12.71313778,231,7.792207792,451,2859,439,,,,0.127350681,6.873614191,19.06873614,39.46784922,5.121142279,,,,316,13.41427177,1952,,,17.78664516,3.650719531,68.0030546,12.23749523,17.73577701,1.298205422,10.41428026,40.3207331,27.48186331,21.78312333,,,,,,,,,,,74.01809473,18.09473124,27.20596062,,0.683624801,,,,,,,,0.725467736,1319,716,1162,,112
7,Cherry Hill,,,,,,,,,,,,,,,,,,,,23918.7076,47.756,23.0056,14.2741,6.0801,8.8843,,40.2111,54.5455,"$34,850 ",36,2,52.2358,1.9309,4.065,3.3537,0.4065,984,76.47058824,0,,0,0,5,36.29893238,44.17942328,0,470.5284553,74.18699187,4.31933,50.59741526,,16.21555718,33.16264326,,,,,,0.365764448,,,,,,,830,452,530,,96.38,0.99,1.97,18.6747,18.3628,43.9623,10.48565121,94.08450704,17.69953052,,84.76,72.73,65.24,54.33,61.11,31.97,47.15,26.37362637,25.28735632,37.73584906,27.27272727,2.264150943,77.31092437,,9.657836645,,,,83.77952756,74.92795389,84.62,83.97435897,47.43589744,149,0,,21.3313897,,,0.121921483,0.975371861,,,,69.3,17.4,2.5,16.1,33.8,113.4,363.6,1269.2,,,,,,,279.687881,,,0.243842965,12,,50.79423716,14.22238641,34.98337643,21.875,23.24875298,69.37757536,7.373671655,93,11.82795699,161,1498,150,,,,0,3.105590062,19.25465839,36.64596273,7.546454304,,,,108,13.16752012,669,,,7.193367471,4.75493782,40.56913535,20.94126231,34.69536665,3.538854433,15.76067129,36.51951842,20.75884714,26.96096315,,,,,,,,,,,67.55934267,27.02373707,52.52586732,,2.032520325,,,,,,,,0.255381248,805,444,519,,101
8,Chinquapin Park/Belvedere,,,,,,,,,,,,,,,,,,,,47600.4899,26.9051,16.692,18.9729,10.9957,26.4343,,13.4686,27.1263,"$125,000 ",45,55,70.4723,2.6404,1.0041,2.9007,2.1941,2689,43.83561644,5.479452055,,0,0.37,3.7,34.30604982,60.50314465,0,481.9635552,62.47675716,4.84963,42.80556988,,9.154203198,32.87777205,,,,,,0.128932439,,,,,,,362,203,307,,91.3,5.04,1.68,10.4972,12.8079,28.3388,7.224770642,75.29644269,15.2173913,,84.34,77.03,71.62,79.45,90.41,44.44,66.67,39.21568627,41.96428571,60.46511628,20.47244094,0.651465798,86.58536585,,5.963302752,,,,95.03239741,16.87763713,89.32,91.26213592,54.36893204,105,0,,5.597416577,,,1.289324394,0.773594636,,,,75,11.8,0,12.5,13.7,85.9,256.5,1458.8,,,,,,,218.2826199,,,0.128932439,2,,73.14851485,9.207920792,17.64356436,11.20751988,11.3363674,54.24079437,34.42283823,56,28.57142857,172,1305,164,,,,0.386797318,6.395348837,22.6744186,37.79069767,4.244509997,,,,123,15.47189273,963,,,25.528623,3.867973182,67.81453362,10.98156182,16.16052061,2.169197397,18.89913232,35.73752711,24.24078091,21.12255965,,,,,,,,,,,66.0761736,24.26926484,24.53498671,,0.483451097,,,,,,,,2.874186551,352,196,299,,146
9,Claremont/Armistead,,,,,,,,,,,,,,,,,,,,32827.8242,41.627,19.9661,16.191,4.6174,17.5986,,15.7813,31.1803,"$97,000 ",108,7,74.4681,2.9255,0.5319,3.0585,7.5798,752,56.25,0,,0,6.65,0,34.85113835,51.91956124,0,432.1808511,57.18085106,4.15187,50.05467136,,7.896974851,41.67172883,,,,,,0,,,,,,,671,312,369,,57.39,17.38,23.19,11.9225,8.9744,38.4824,4.142011834,88.9301175,13.79097093,,84.03,87.9,78.51,83.78,82.73,46.74,66.28,27.48091603,35.03649635,47.69230769,20.63492063,1.35501355,76.82926829,,5.029585799,,,,81.03837472,48.87218045,83.33,84.21052632,47.36842105,155,0,,6.95952616,,,1.093427287,1.093427287,,,,72.5,4.9,0,6.7,16.9,110.2,380,1170.7,,,,,,,145.3043373,,,0.242983842,14,,62.32006774,10.95681626,26.723116,14.95262306,25.07374631,63.88274336,11.04351032,186,10.75268817,214,2713,196,,,,0,4.672897196,18.69158879,36.91588785,4.549227959,,,,84,10.20532135,938,,,16.27991739,2.915806099,61.71680927,11.8962186,22.13635109,2.539332045,15.23599227,26.24896495,34.36378692,24.15125587,,,,,,,,,,,80.93722881,16.6039919,27.856523,,0.265957447,,,,,,,,1.711288987,645,295,354,,144
10,Clifton-Berea,,,,,,,,,,,,,,,,,,,,25586.8391,48.0089,21.9792,14.6918,7.5817,7.7384,,21.4984,33.5929,"$24,000 ",50,40,33.4533,1.7785,25.0688,13.953,1.588,4723,87.03703704,7.407407407,,2.75,0,15.4,52.5107604,54.18240691,0,113.4871903,29.64217658,10.70812,57.11970832,,15.39396395,40.2066032,,,,,,0.607656472,,,,,,,772,421,555,,98.38,0.64,0.54,16.1917,16.3895,43.4234,8.981693364,92.97297297,16.26535627,,79.04,57.43,54.73,51.54,65.15,19.85,47.37,17.5257732,26.5625,33.33333333,18.94273128,3.603603604,71.31782946,,10.98398169,,,,74.29718876,51.41388175,82.22,81.48148148,42.22222222,,,,24.07326646,,,1.924245493,1.4178651,,,,66.8,17.8,3.1,24,48.7,146,335.3,1227.1,,,,,,,220.7818513,,,0.101276079,1,,44.86295314,9.991158267,45.14588859,18.24346141,27.37375388,65.41918614,7.207059977,149,8.724832215,162,1282,149,,,,0,9.259259259,20.37037037,30.86419753,10.8754758,,,,118,11.95057727,614,,,107.6564715,15.39396395,47.1411902,13.18553092,34.11124076,2.528199144,16.02489304,32.08868145,29.36600545,22.52042007,,,,,,,,,,,66.56644618,17.58869513,47.05351774,,0.254075799,,,,,,,,3.033838973,741,407,541,,45
11,Cross-Country/Cheswolde,,,,,,,,,,,,,,,,,,,,54641.6411,18.6876,16.4835,20.246,11.6559,32.9269,,12.4311,17.0376,"$131,250 ",38,119,83.1111,1.265,0.1026,0.5128,4.1709,2925,52.54237288,1.694915254,,0.68,3.08,0,53.20910973,41.37537994,0.341880342,438.974359,63.24786325,2.25643,17.49271137,,0.997391438,16.11170784,,,,,,0,,,,,,,210,114,140,,77.05,8.4,7.28,10.9524,7.0175,22.8571,1.293103448,64.92537313,13.43283582,,69.23,76.09,78.26,73.33,86.67,69.23,78.38,46.80851064,52.94117647,70.96774194,26.82926829,0,78.26086957,,6.034482759,,,,99.17898194,11.0864745,95.1,95.1048951,63.28671329,,,,1.399067288,,,0,0,,,,85.3,2.1,0.7,3.3,3.2,43.5,155.6,707.8,,,,,,,105.1864355,,,0.690501765,19,,70.60277358,6.412192778,22.98503364,8.325904796,4.730713246,39.95633188,55.31295488,24,4.166666667,269,1231,260,,,,0,2.602230483,19.70260223,45.72490706,0.814470066,,,,178,13.65659046,700,,,3.529231241,2.148227712,74.12140575,13.60646495,10.16726179,1.653824469,20.4660778,41.32681827,25.23961661,12.96748731,,,,,,,,,,,60.64204862,32.90035257,11.35646688,,0.341880342,,,,,,,,0.451043037,200,104,127,,2
12,Dickeyville/Franklintown,,,,,,,,,,,,,,,,,,,,31701,41.9957,15.9018,24.333,5.8164,11.953,,26.257,36.8915,"$235,000 ",45,9,68.323,1.5528,2.4845,2.1739,2.795,322,30.76923077,0,,3.11,6.21,0,39.66480447,54.07854985,9.316770186,475.1552795,49.68944099,2,38.03950256,,7.802974884,29.74884175,,,,,,0,,,,,,,221,110,126,,97.19,1.5,1.12,10.4072,10.9091,42.0635,7.221006565,85.58052434,14.23220974,,84.78,89.13,86.96,74.07,69.23,44.83,68.97,30.95238095,20.51282051,57.14285714,20.93023256,3.174603175,77.77777778,,8.533916849,,,,92.06349206,70.42253521,89.47,88.15789474,51.31578947,80,0,,7.523510972,,,0.243842965,0,,,,73.3,13.9,2.4,12.4,18.3,88.4,326.9,1069.8,,,,,,,119.7268959,,,0.243842965,3,,64.14262821,7.291666667,28.56570513,10.26508742,13.56521739,66.34782609,20.08695652,30,13.33333333,55,282,53,,,,0,3.636363636,21.81818182,34.54545455,4.448871182,,,,36,8.778346745,168,,,3.901487442,0.975371861,65.4822335,6.154822335,25.57106599,1.71319797,14.65736041,36.92893401,19.92385787,28.48984772,,,,,,,,,,,67.23585912,27.10779082,39.91462113,,0.621118012,,,,,,,,1.078680203,211,104,119,,137
13,Dorchester/Ashburton,,,,,,,,,,,,,,,,,,,,36856.7714,36.7981,17.7795,16.9904,6.4918,21.9403,,17.0304,25.7992,"$88,500 ",29,60,68.8376,3.9136,2.8621,2.8037,3.1834,3424,47.57281553,7.766990291,,0.29,0.29,4.1,50.02915452,55.87349398,0,606.3084112,82.94392523,7.11641,55.06533175,,14.50873918,38.77481758,,,,,,0.084846428,,,,,,,618,325,557,,97.2,0.86,1.2,11.4887,9.2308,29.982,7.533333333,83.14285714,16.85714286,,58.87,77.27,67.57,66.37,68.42,41.24,59.6,33.50515464,38.1443299,50.46728972,26.08695652,1.436265709,85.31468531,,7,,,,90.55944056,32.86384977,83.04,82.14285714,39.28571429,127,5.5,,7.108013937,,,0.169692856,1.018157136,,,,73.6,12.6,3.2,14.7,22.2,89.7,283.5,1003.5,,,,,,,190.1408451,,,0.084846428,6,,55.15127282,14.04771425,30.80101293,20.30046225,17.0235546,66.29788246,16.67856293,117,11.11111111,211,1434,200,,,,0,8.056872038,26.06635071,45.02369668,5.23922927,,,,151,12.81181062,789,,,29.01747836,7.890717801,66.77912731,11.06612686,19.45569051,1.844354476,16.26180837,43.18488529,18.71345029,21.83985605,,,,,,,,,,,75.86052749,16.69646848,24.58649978,,0.496495327,,,,,,,,0.854700855,598,318,535,,47
14,Downtown/Seton Hill,,,,,,,,,,,,,,,,,,,,40685.8384,42.5729,14.8747,17.4279,8.9814,16.1432,,15.0763,43.0657,"$220,000 ",42,25,39.8519,2.0741,9.9259,12.7407,2.3704,675,37.03703704,3.703703704,,2.96,0,53.7,65.71428571,51.01177892,50.37037037,232.5925926,7.407407407,3.8248,291.9640087,,67.79398076,220.9121936,,,,,,0.155134967,,,,,,,107,47,71,,86.67,7.06,1.96,14.0187,14.8936,40.8451,9.333333333,86.2745098,16.8627451,,75,61.11,55.56,61.11,52.94,47.37,57.89,26.08695652,31.03448276,44.44444444,12.12121212,1.408450704,85.71428571,,8,,,,84.25925926,10.86956522,89.66,89.65517241,50,38,0,,5.652759085,,,7.911883339,25.59867878,,,,66,9.4,20.7,5.7,8.6,157.7,557.1,1153.8,,,,,,,262.7986348,,,4.498914055,137,,63.99427344,3.095919828,32.90980673,4.634342352,8.829762185,27.40758182,63.76265599,1242,22.78582931,3353,83488,3146,,,,3.568104251,4.801670146,25.02236803,38.65195347,2.226345083,,,,2573,396.5249767,55415,,,39.86968663,13.3416072,42.157147,3.885184111,16.38155987,34.966657,30.96549725,41.98318353,14.69991302,12.3514062,,,,,,,,,,,24.22895249,73.02028341,38.12170047,,0.148148148,,,,,,,,2.609452015,99,44,67,,52
15,Edmondson Village,,,,,,,,,,,,,,,,,,,,36245.3025,34.4605,22.5336,17.2257,8.1758,17.6044,,21.182,49.9203,"$56,444 ",40,40,66.0664,3.3545,3.178,1.7655,2.4364,2832,73.13432836,7.462686567,,1.06,0,1.1,53.54545455,58.72033024,0,464.3361582,96.75141243,8.08112,36.83544304,,8.860759494,27.46835443,,,,,,0.379746835,,,,,,,475,293,483,,98.94,0.21,0.71,14.5263,14.6758,35.8178,6.155075939,87.51763047,16.92524683,,86.96,66.25,65,54.46,60.19,25.26,53,22.4852071,33.93939394,56,22.72727273,2.070393375,78.57142857,,8.073541167,,,,97.5877193,52.4691358,86.27,84.31372549,40.19607843,136,0,,11.48977605,,,0.379746835,0.126582278,,,,72.9,11.3,0,6.4,28,95.6,286.7,1176.5,,,,,,,283.164557,,,0.126582278,2,,57.98919336,16.98186029,25.02894635,22.65122265,20.4595186,71.04303428,8.497447119,32,12.5,65,411,62,,,,0,4.615384615,23.07692308,36.92307692,6.914805624,,,,47,5.949367089,218,,,38.48101266,4.810126582,59.44126557,14.80982834,22.98889263,2.15415685,11.44395826,38.30360148,28.17233255,22.08010771,,,,,,,,,,,61.51362984,16.96556671,28.80200861,,0.282485876,,,,,,,,0.605856614,462,288,469,,18
16,Fells Point,,,,,,,,,,,,,,,,,,,,73801.4992,17.3151,8.9051,11.8283,11.7791,50.1724,,6.9496,30.099,"$244,000 ",21,191,51.6667,1.1029,1.2255,1.6422,5.2941,4080,22.3880597,0.995024876,,1.23,0,0,31.51476252,34.23848878,42.89215686,275.4901961,33.57843137,3.99798,78.21661688,,15.37780728,61.73249253,,,,,,0.221263414,,,,,,,190,69,84,,22.22,24.82,48.23,6.8421,8.6957,27.381,7.288629738,75.88652482,13.23877069,,88.68,77.5,77.5,79.17,86.96,54.55,80.95,35.71428571,52.17391304,66.66666667,18.18181818,1.19047619,62.5,,2.623906706,,,,75.38461538,22.22222222,89.8,91.15646259,62.58503401,160,0,,0.966494845,,,4.093373161,2.212634141,,,,77.2,4.2,0,5.3,6.8,60.1,290,1200,,,,,,,180.9934727,,,1.327580485,89,,80.82174929,4.34247755,14.83577316,5.098945544,10.9849918,25.62744356,63.38756464,525,11.80952381,528,5566,505,,,,0.553158535,5.871212121,23.48484848,39.58333333,1.12745098,,,,384,42.48257551,4643,,,56.5328023,8.076114614,64.6984127,8.238095238,8.936507937,14.95238095,20.26984127,44.57142857,20.87301587,14.28571429,,,,,,,,,,,51.49792259,46.14038924,13.47036956,,0,,,,,,,,3.174603175,186,66,77,,37
17,Forest Park/Walbrook,,,,,,,,,,,,,,,,,,,,37351.8502,37.0255,15.2783,20.3229,4.1865,23.1868,,19.1501,49.3377,"$70,000 ",35,49,58.1194,4.0944,6.211,6.4885,4.3373,2882,53.33333333,4,,1.73,1.04,0.6,40.82363474,63.63636364,0,493.7543373,59.33379598,13.4632,51.37577419,,13.09777642,37.56726571,,,,,,0.304599452,,,,,,,599,328,510,,97.7,0.59,1.06,9.8497,12.8049,32.7451,9.116214335,86.08490566,16.27358491,,79.58,75.53,72.34,78.76,76.11,41.35,61.54,35.83815029,40,55.12820513,22.16494845,0.784313725,78.89908257,,8.420320111,,,,82.00934579,37.23404255,86.47,86.46616541,51.87969925,,,,9.924623116,,,0.507665753,0.406132602,,,,74.5,10.6,1.2,6.8,15.7,95.2,292.2,1113.2,,,,,,,242.2580973,,,0.203066301,3,,57.654146,9.461374911,32.88447909,14.16070008,18.95014856,63.46979201,17.58005943,52,5.769230769,163,631,160,,,,0,9.202453988,23.31288344,47.2392638,6.489097793,,,,119,12.08244492,475,,,41.73012489,7.310386841,62.5238398,12.58741259,21.74189447,0.34965035,8.518753973,36.1411316,30.41958042,24.92053401,,,,,,,,,,,78.78960891,14.41621467,32.54353411,,0.381679389,,,,,,,,2.797202797,566,314,485,,46
18,Glen-Fallstaff,,,,,,,,,,,,,,,,,,,,40718.8827,33.6723,15.2026,18.9943,9.4244,22.7064,,16.3445,22.4096,"$127,450 ",54,92,75.529,1.8991,1.0852,1.3836,2.7672,3686,46.06741573,5.617977528,,0.81,0.54,2.5,47.22727273,44.63276836,0,587.3575692,86.81497558,4.03779,58.26739976,,12.20329891,44.92423226,,,,,,0.201153279,,,,,,,630,387,493,,83.28,4.54,10.15,9.5238,8.5271,27.3834,5.231788079,77.49253731,13.97014925,,66.39,73.63,67.78,66.98,77.36,55.45,71.29,39.50617284,43.58974359,52.80898876,25.14619883,0.811359026,83.03571429,,4.834437086,,,,82.7027027,15.23809524,90.91,91.34199134,47.18614719,162,0,,4.05904059,,,0.335255465,2.27973716,,,,78.6,8.4,1.6,4,17.3,63.1,218.3,980.8,,,,,,,190.8944616,,,0.268204372,15,,65.03835285,10.36536132,24.59628583,13.74648641,19.76378622,55.02591554,25.21029824,332,8.13253012,760,8267,724,,,,0.201153279,4.605263158,18.68421053,34.73684211,3.284044017,,,,498,33.39144428,3707,,,18.17084618,2.078583881,60.318405,10.13242077,23.62743639,5.594405594,19.00014879,36.63145365,25.15994644,19.20845112,,,,,,,,,,,64.48626499,28.25921991,27.33343451,,5.046120456,,,,,,,,0.327332242,598,343,472,,124
19,Greater Charles Village/Barclay,,,,,,,,,,,,,,,,,,,,30011.1336,43.5747,13.9081,18.282,6.7307,17.5045,,17.9814,28.2051,"$170,000 ",22,121,42.9886,1.922,6.7677,9.2853,4.1689,3694,45.6,2.4,,9.2,0,8.8,37.18181818,51.63333993,16.51326475,319.707634,22.46886844,5.87225,70.09944482,,14.94722714,54.11506314,,,,,,0.305045452,,,,,,,382,204,285,,84.22,8.53,4.12,12.0419,13.7255,36.8421,5.855338691,83.52941176,14.41176471,,80.95,69.44,70.83,70.49,85,48.65,72.22,38.29787234,38.1443299,54.16666667,23.36448598,2.105263158,85,,8.49598163,,,,98.60390905,9.689922481,90.7,91.47286822,55.03875969,112,0,,9.241837299,,,0.854127265,1.76926362,,,,73.1,9.7,3.9,2.1,10.7,107,366.3,1029.9,,,,,,,183.4543347,,,1.220181807,300,,50.49677664,6.295032234,43.20819113,11.09922439,13.72679045,42.49557913,43.77763042,615,18.04878049,995,7764,959,,,,0.183027271,5.527638191,23.01507538,39.89949749,2.686706125,,,,741,45.20773595,5390,,,69.36733573,4.331645415,46.49593621,7.192148443,21.39242447,17.75801257,30.67014262,33.33844502,19.41420028,16.57721208,,,,,,,,,,,59.3439663,26.51218778,45.39572675,,0.378992962,,,,,,,,7.161478301,366,193,276,,231
20,Greater Govans,,,,,,,,,,,,,,,,,,,,34578.5234,37.3513,18.8507,18.5055,9.0344,16.2582,,17.5997,26.4278,"$60,000 ",45,73,61.2765,2.8694,4.5052,4.6661,2.0649,3729,67.39130435,5.434782609,,0.27,0.54,3.6,41.87983343,55.41147132,0,506.0337892,81.52319657,8.67434,39.97753019,,9.830540212,29.77249321,,,,,,0.187248385,,,,,,,671,372,553,,96.49,1.81,1.1,9.389,9.6774,34.5389,7.080200501,85.62808557,17.49862863,,74.15,72.03,66.95,68.94,75.76,35.25,65.04,36.81318681,34.40860215,36.55913978,22.40437158,0.723327306,79.54545455,,9.273182957,,,,80.75880759,46.34146341,83.1,83.09859155,42.25352113,194,2.6,,10.15007899,,,0.280872577,0.655369347,,,,73.9,12.8,0,11.7,23.4,84.2,295.3,1065.7,,,,,,,235.6520925,,,0.093624192,7,,60.43386984,8.313505948,31.25262421,12.09283388,20.59994313,63.1077623,16.29229457,120,4.166666667,186,1051,177,,,,0,6.989247312,28.49462366,46.23655914,6.367690783,,,,122,11.42215148,577,,,43.81612209,5.055706395,57.05128205,9.757834758,27.9677113,3.323836657,16.45299145,35.80246914,24.40645774,23.33808167,,,,,,,,,,,58.71794872,26.8997669,32.19114219,,0.56315366,,,,,,,,1.899335233,651,362,526,,50
21,Greater Mondawmin,,,,,,,,,,,,,,,,,,,,38014.5485,32.4545,18.8665,18.3795,10.0306,20.2689,,12.6368,36.3077,"$57,000 ",40,42,51.4851,2.9994,11.357,6.6104,1.4269,3434,70.3125,3.125,,0.29,0,6.4,31.47410359,62.70627063,0,293.5352359,45.42807222,14.16457,93.86397769,,25.3164557,67.47479082,,,,,,0.965458056,,,,,,,545,297,501,,98.57,0.45,0.58,13.578,11.4478,28.5429,6.999255398,86.1309138,15.55411536,,83.62,62.61,58.26,66.33,72.45,31.18,55.79,36.4640884,42.26190476,46.98795181,28.30188679,0.598802395,84.96240602,,8.265078183,,,,79.52314165,21.46690519,83.96,90.56603774,42.45283019,154,0,,12.23793272,,,0.429092469,1.716369878,,,,71.2,14.6,2.7,10.8,29.3,114.1,316.3,866.7,,,,,,,217.4426089,,,0.321819352,6,,48.74517375,14.3983269,36.85649936,22.80254777,19.94581781,65.47578733,14.57839485,147,26.53061224,298,3354,279,,,,0.429092469,5.033557047,22.14765101,43.2885906,6.956166621,,,,209,22.42008153,2013,,,81.95666166,10.72731174,59.59821429,14.95535714,21.14158163,3.985969388,11.32015306,45.98214286,21.49234694,21.20535714,,,,,,,,,,,62.59060826,23.06965017,33.15474315,,0.378567268,,,,,,,,0.318877551,542,285,475,,106
22,Greater Roland Park/Poplar Hill,,,,,,,,,,,,,,,,,,,,106770.5625,9.482,8.1719,11.7221,10.0727,60.5513,,1.8671,2.8946,"$320,000 ",17,116,75.6864,0.43,0.0331,0.8601,4.962,3023,25.22522523,0,,0,0.33,0,34.68309859,49.19614148,6.946741647,403.9034072,18.19384717,3.24339,30.77131625,,2.304459808,28.33129999,,,,,,0,,,,,,,243,104,74,,22.91,58.03,4.5,2.0576,3.8462,9.4595,0,13.27623126,5.995717345,,95.24,96.43,96.36,100,97.73,81.48,85.19,76.47058824,81.81818182,80,42.85714286,0,75,,2.612826603,,,,99.45652174,0,94.44,96.2962963,64.81481481,122,0,,0.169109357,,,0.406669378,0.813338756,,,,84.4,3.4,0,0,2.1,29.7,161.1,1073.2,,,,,,,359.0890606,,,0.813338756,21,,77.05486879,2.819345044,20.12578616,3.529731197,1.236138884,19.5782585,79.18560262,115,9.565217391,425,3809,405,,,,0.677782296,2.117647059,17.41176471,31.76470588,0.802541381,,,,320,43.10695405,2539,,,7.45560526,10.03117799,79.35817242,7.15257003,6.037530596,4.40576557,24.80282839,46.64128366,16.23606201,12.31982595,,,,,,,,,,,65.14010244,18.55980717,4.067490208,,0,,,,,,,,3.045961382,228,97,75,,59
23,Greater Rosemont,,,,,,,,,,,,,,,,,,,,27625.9628,46.8357,18.1632,15.5059,8.0799,11.4154,,25.166,46.835,"$21,875 ",32,85,46.7058,2.8197,15.6896,7.6075,1.6471,7164,93.47826087,9.420289855,,1.68,0,6.5,48.39572193,65.20763187,0,224.0368509,50.3908431,11.31317,63.19123527,,19.47141596,42.94096267,,,,,,0.623085311,,,,,,,1418,813,1088,,98.36,0.49,0.93,12.7645,11.8081,38.2353,6.809279904,91.30547625,16.74020244,,77.53,51.42,53.55,59.84,72.95,34.73,58.24,27.01149425,30.43478261,38.37837838,24.74747475,2.665441176,83.12236287,,9.068996686,,,,86.34453782,57.21393035,84.85,84.84848485,45.45454545,101,0,,16.12463043,,,0.88270419,1.401941949,,,,70,15.2,2.1,10.4,38.2,111.2,336.2,990.3,,,,,,,227.3222909,,,0.051923776,10,,48.57032829,15.45200732,35.97766439,24.13533835,28.27380952,63.86328725,7.862903226,306,5.555555556,329,2289,312,,,,0.103847552,8.20668693,22.18844985,41.64133739,8.830146232,,,,238,12.35785866,1013,,,76.58756945,9.294355886,52.69448947,9.704213938,33.32658023,2.937601297,9.623176661,29.39627229,27.35008104,33.63047002,,,,,,,,,,,75.29839128,14.14980107,43.83324684,,0.321049693,,,,,,,,1.337115073,1382,786,1055,,7
24,Greenmount East,,,,,,,,,,,,,,,,,,,,24358.6322,54.0832,20.6476,10.7902,4.8526,9.6264,,25.3394,30.8271,"$32,450 ",88,52,28.617,1.2282,32.6947,27.1186,3.6355,4071,63.04347826,4.347826087,,16.95,0,25.6,48.03370787,55.08913168,1.473839352,104.642594,13.51019406,16.30763,79.66764418,,27.00391007,51.68621701,,,,,,0.977517107,,,,,,,580,315,490,,97.95,0.68,0.68,14.4828,14.6032,44.2857,10.39711191,92.27895392,19.8630137,,80.28,61.39,60.4,57.89,75.79,29.36,51.38,28.96551724,29.26829268,29.41176471,14.89361702,2.448979592,68.26923077,,12.5631769,,,,82.75862069,74.38016529,84.17,88.48920863,40.28776978,209,4.8,,20.56125202,,,1.588465298,0.845219229,,,,66.1,20.5,3.9,6.1,41.7,160.5,395.5,1395,,,,,,,228.4946237,,,0.122189638,20,,46.07566347,15.73498965,38.18934688,25.60490046,24.63662791,69.65843023,5.70494186,193,4.14507772,175,1130,168,,,,0,3.428571429,17.71428571,29.71428571,11.14931238,,,,138,16.86217009,682,,,127.3216031,17.47311828,34.70903838,9.492364837,44.20140322,8.419314899,16.38464713,31.98514239,20.47049113,31.15971936,,,,,,,,,,,56.35994587,33.49120433,55.95399188,,0.589535741,,,,,,,,3.177878663,568,304,470,,111
25,Hamilton,,,,,,,,,,,,,,,,,,,,65436.8731,16.3069,14.0626,14.7008,13.6893,41.2404,,5.7501,8.7909,"$120,000 ",40,104,78.8919,3.8004,0.5723,1.9689,2.0833,4368,30.07518797,3.759398496,,0.23,0.69,0,42.60869565,57.37179487,0,609.2032967,79.21245421,4.73148,47.22350408,,9.613905553,36.30210737,,,,,,0.076911244,,,,,,,572,397,518,,86.54,10.14,1.52,9.6154,9.8237,23.7452,5.917955615,73.31002331,15.90909091,,69.17,67.21,67.21,68.63,83.33,41.18,73.88,44.73684211,45.88235294,60.71428571,29.93630573,1.158301158,80.85106383,,6.119704102,,,,95.5955956,33.68421053,83.64,86.06060606,55.15151515,203,0,,4.149509028,,,1.230579911,0.922934933,,,,75,16,1.8,6.9,10.2,56.7,325.2,1034.5,,,,,,,192.4319335,,,0.384556222,10,,74.77971201,7.124435848,18.09585214,8.69850433,12.39584522,60.2670928,27.33706198,193,5.18134715,296,1950,286,,,,0.230733733,5.743243243,22.63513514,35.47297297,3.634538153,,,,208,15.99753884,1197,,,29.91847408,3.768650977,79.20159114,9.404744992,9.305299048,1.378036653,6.535019179,38.96860349,31.83690865,22.65946867,,,,,,,,,,,78.77116975,8.270972824,12.74123671,,0.480769231,,,,,,,,0.710328172,548,385,498,,14
26,Harbor East/Little Italy,,,,,,,,,,,,,,,,,,,,31547.3095,42.2042,16.7721,8.0285,4.3108,28.6845,,41.2229,63.465,"$292,900 ",35,51,37.6401,1.5339,2.0649,6.6667,1.7699,1695,53.65853659,0,,1.77,0,5.7,34.43877551,47.21701063,18.28908555,160.4719764,21.82890855,3.64251,155.539116,,32.18050675,119.4747549,,,,,,0.369890882,,,,,,,402,172,199,,91.42,1.11,6.8,20.6468,13.9535,36.1809,6.080206986,94.76031215,18.39464883,,40.32,70,71.67,51.35,63.01,33.33,64.58,29.50819672,33.82352941,29.62962963,26.82926829,2.010050251,68.88888889,,7.24450194,,,,63.54166667,49.29577465,88.24,90.58823529,50.58823529,142,0,,14.10018553,,,2.774181616,3.144072499,,,,72.7,20.3,0,17.3,16.9,97.4,303.4,941.2,,,,,,,276.8633253,,,1.849454411,85,,59.25925926,11.08407678,29.65666396,15.75710992,27.03480012,41.47253379,31.49266609,478,11.50627615,513,43434,474,,,,0.739781764,6.822612086,21.83235867,40.93567251,8.513743615,,,,336,61.95672277,7776,,,23.11818014,9.987053819,36.08547839,3.205439534,28.31471588,27.73190869,34.33705682,30.79164643,12.38465274,22.486644,,,,,,,,,,,49.72144847,39.13649025,44.3825441,,0.05899705,,,,,,,,4.662457504,396,169,186,,8
27,Harford/Echodale,,,,,,,,,,,,,,,,,,,,56066.6787,22.7034,16.021,15.6361,13.3458,32.2937,,9.875,20.3594,"$144,950 ",34,130,80.4709,3.2647,0.5342,2.2359,2.1369,5054,27.11864407,2.259887006,,0.2,0.4,0,35.14106583,50.32882012,0,630.9853581,78.15591611,4.79574,45.60840905,,9.561137835,35.15648198,,,,,,0.178157848,,,,,,,789,429,581,,84.39,11.24,3.31,9.379,9.324,23.4079,6.058921623,77.32949087,18.01152738,,81.18,72.6,68.71,69.17,78.95,50,68.31,43.90243902,48.88888889,53.27102804,23.59550562,1.376936317,75.78125,,5.225125069,,,,81.41135972,23.76237624,80.43,82.9787234,57.0212766,380,0,,3.496669838,,,0.296929746,0.593859493,,,,76,4.1,2.7,7,15.4,70.1,274.9,1205.1,,,,,,,149.6525922,,,0.534473544,30,,72.13756704,7.295479697,20.56695326,9.211092003,10.46374368,66.01180438,23.52445194,188,11.17021277,358,3000,338,,,,0.118771899,5.30726257,23.18435754,39.94413408,3.784783782,,,,229,13.59938239,1327,,,15.91543441,2.078508225,81.87959232,7.916567907,6.269258118,1.3391799,9.943114482,43.54112349,28.11092676,18.40483527,,,,,,,,,,,71.18164208,19.1327671,12.36775443,,0.217649387,,,,,,,,2.595401754,771,418,564,,69
28,Highlandtown,,,,,,,,,,,,,,,,,,,,70098.3366,19.512,11.9537,13.4926,9.8259,45.2159,,14.6377,52.1809,"$250,000 ",21,158,59.9558,1.42,1.704,3.3133,8.2045,3169,24.24242424,1.515151515,,2.52,1.26,0,26.63865546,40.52459016,22.72010098,372.6727674,52.06689808,7.32138,96.13793103,,21.10344828,74.34482759,,,,,,0.137931034,,,,,,,299,127,139,,25.19,23.24,47.98,11.7057,11.811,43.1655,5.309734513,84.4077961,11.54422789,,71.88,66.67,65,63.41,74.36,52.27,68.18,28.57142857,39.53488372,22.22222222,21.42857143,0.71942446,82.35294118,,8.14159292,,,,91.06145251,103.4482759,93.33,92.72727273,60,199,0,,3.036876356,,,4.827586207,1.931034483,,,,74.3,8.3,0,9,8.2,93.4,286.2,1186.4,,,,,,,278.2068966,,,0.413793103,7,,77.39831817,3.621074309,18.98060752,4.497974845,23.14623616,38.22038671,38.63337714,372,7.52688172,416,2813,401,,,,0.689655172,4.326923077,20.91346154,35.57692308,2.686183046,,,,286,39.44827586,1813,,,87.72413793,4.551724138,64.28900138,12.70133456,11.25172572,6.764841233,18.26967326,43.58030373,20.17947538,17.97054763,,,,,,,,,,,63.37662338,26.00649351,23.53896104,,0,,,,,,,,4.993097101,286,123,125,,31
29,Howard Park/West Arlington,,,,,,,,,,,,,,,,,,,,37521.122,30.1121,24.8904,15.3709,7.7049,21.9217,,16.2643,28.7309,"$115,000 ",40,50,73.9309,3.0409,2.2806,3.0409,3.1359,3157,53.24675325,9.090909091,,0.63,0.95,0,52.41886099,68.45124283,0,584.098828,86.47450111,7.70659,57.57380668,,11.58833809,45.24970109,,,,,,0.367883749,,,,,,,490,256,418,,96.01,0.81,1.99,12.0408,14.0625,26.555,6.529209622,81.10701107,15.86715867,,89.22,74,72,54.64,74.23,39.02,71.25,31.38686131,43.06569343,46.42857143,26.08695652,2.392344498,90.0990099,,7.903780069,,,,90.74550129,5.602240896,90.43,89.36170213,46.80851064,,,,5.719769674,,,0.183941874,0.735767497,,,,75.4,7.9,2.4,8.2,22.1,82.2,273.3,957.2,,,,,,,142.7388945,,,0.275912812,17,,59.08581043,11.96017947,28.9540101,16.83441879,17.40243902,67.02439024,15.57317073,152,15.78947368,248,3262,227,,,,0.275912812,5.241935484,20.96774194,36.29032258,4.360431404,,,,166,15.26717557,2351,,,21.33725743,10.57665778,76.15784499,6.639886578,13.68147448,2.859168242,16.63516068,29.34782609,27.19754253,26.8194707,,,,,,,,,,,62.86472149,25.87412587,19.67687485,,0.475134621,,,,,,,,0.661625709,471,246,403,,17
30,Inner Harbor/Federal Hill,,,,,,,,,,,,,,,,,,,,83784.3708,19.989,4.1011,14.0333,7.146,54.7307,,7.6571,20,"$314,000 ",23,321,60.4803,1.1925,0.4703,1.2932,4.6187,5954,24.17582418,0.824175824,,0.84,0.84,0,28.83939039,47.96773193,16.12361438,289.7211958,30.39973127,2.8231,88.29249319,,11.59082069,75.69039284,,,,,,0.077790743,,,,,,,226,76,92,,43.29,47.76,3.86,7.5221,15.7895,34.7826,8.629441624,60.97560976,13.00813008,,90,91.43,94.29,78.26,91.3,53.33,60,37.03703704,41.66666667,71.42857143,26.92307692,4.347826087,85,,4.060913706,,,,97.00598802,30,91.11,93.88888889,65.55555556,236,0,,2.55057168,,,3.267211202,4.417177914,,,,78.8,5.7,0,3.3,3.6,71.6,258.7,1046.4,,,,,,,252.5865422,,,2.022559315,1060,,79.14956012,4.164222874,16.68621701,5.014124294,10.51440936,23.37956133,66.10602931,494,17.20647773,908,16762,837,,,,0.388953715,3.744493392,20.92511013,37.7753304,1.856786727,,,,657,51.10851809,10921,,,39.20653442,4.356281602,71.89976988,5.574021989,4.832523651,16.09562772,22.97366402,43.67169522,20.48069547,12.87394528,,,,,,,,,,,48.96413111,45.88744589,15.52257267,,0.050386295,,,,,,,,1.598056763,218,75,86,,110
31,Lauraville,,,,,,,,,,,,,,,,,,,,60800.1275,16.2656,13.8688,18.9304,11.7201,39.2152,,6.6146,7.8456,"$128,750 ",34,118,74.6372,3.0141,1.4512,2.4782,3.5946,4479,37.05882353,2.941176471,,0.67,1.12,0,40.4233871,52.37020316,0.446528243,608.8412592,61.3976334,7.22374,43.34718488,,7.577609386,35.1992178,,,,,,0.162959342,,,,,,,597,357,506,,84.5,11.59,1.95,8.0402,9.5238,29.6443,6.095890411,74.74069555,16.53447224,,62.5,72.17,73.04,72.38,78.1,42.57,71.84,40.625,43.37349398,52.94117647,24.70588235,2.371541502,79.8245614,,6.369863014,,,,96.21212121,25.11415525,89.55,90.29850746,61.94029851,138,0,,3.991741225,,,0.651837367,0.733317037,,,,75.3,9.7,1,11,15.4,60.5,321.2,1216.1,,,,,,,204.1065754,,,0.325918683,12,,66.69012433,9.359605911,23.95026976,12.30721777,10.12192317,54.14078675,35.73729009,131,8.396946565,271,1777,257,,,,0,5.904059041,21.40221402,47.9704797,3.367003367,,,,178,14.50338141,1120,,,32.02151063,4.807300579,79.91103203,8.932384342,7.526690391,2.010676157,8.84341637,44.41281139,30.60498221,16.13879004,,,,,,,,,,,76.03504929,10.38335159,10.07667032,,0.290243358,,,,,,,,1.619217082,574,346,488,,116
32,Loch Raven,,,,,,,,,,,,,,,,,,,,47124.0386,25.3796,15.3622,26.1484,15.1555,17.9543,,18.7333,33.9092,"$109,000 ",52,68,79.0593,3.4507,0.3309,2.7889,1.1581,4231,25,3.409090909,,0,0,0,40.92565598,54.38716285,0,600.0945403,67.83266367,2.92689,42.71438835,,11.10312847,31.28469728,,,,,,0.06531252,,,,,,,916,407,696,,97.34,0.44,1.05,7.0961,5.6511,21.6954,6.290242694,76.51680489,14.84068093,,78.26,78.07,75.94,73.91,88.04,45.24,67.72,37.39495798,44.48979592,54.6875,29.48717949,0.718390805,84,,6.042595344,,,,96.0470984,24.25373134,83.85,86.33540373,45.96273292,236,0,,4.394426581,,,0.195937561,0.261250082,,,,76.2,14.6,0,8.6,18.8,67.9,272.6,895.3,,,,,,,176.1478675,,,0.130625041,2,,64.13457282,8.924302789,26.94112439,12.21522055,16.3859549,61.15710344,22.45694167,50,28,246,1918,236,,,,0.195937561,4.06504065,21.13821138,36.17886179,3.655877914,,,,194,12.67062896,1333,,,21.61844426,4.441251388,69.73466003,11.58098397,17.20563847,0.843007186,10.55831951,43.21448314,25.29021559,20.93698176,,,,,,,,,,,70.23847889,25.2497583,21.80148244,,0.992673127,,,,,,,,0.635710337,894,399,676,,250
33,Madison/East End,,,,,,,,,,,,,,,,,,,,30859.828,46.8143,15.8806,16.4334,7.5975,13.2741,,31.5428,53.1237,"$26,250 ",29,34,24.9228,2.8721,20.6609,5.8369,1.7912,3238,85.33333333,8,,4.63,0,14.9,31.51658768,63.7254902,4.941321804,152.8721433,13.27980235,12.70101,86.23570235,,25.83215525,59.24688343,,,,,,1.156663668,,,,,,,744,391,504,,94.71,1.15,3.61,16.2634,17.1355,50.3968,8.602806589,93.87434555,18.21989529,,61.01,59.62,59.87,55.91,75.59,16.04,47.66,27.15231788,28.81355932,26.2295082,24.12060302,2.777777778,74.22680412,,11.89749847,,,,76.34146341,55.69620253,87.5,85.29411765,41.17647059,312,3.8,,26.4837626,,,1.670736409,5.012209228,,,,68.2,15.5,2.1,12.2,33.1,142.1,382.4,1157.9,,,,,,,270.9163347,,,0,0,,44.2764977,15.59447005,40.12903226,26.1433869,39.72190035,55.08690614,5.191193511,187,4.278074866,230,1297,222,,,,0,7.826086957,20.86956522,33.91304348,14.52599388,,,,182,23.39030973,858,,,94.33234803,10.40997301,36.98399326,10.44650379,38.03706824,12.13142376,18.61836563,33.06655434,19.16596462,29.14911542,,,,,,,,,,,73.44262295,14.05152225,53.7704918,,0.308832613,,,,,,,,2.401010952,722,376,479,,122
34,Medfield/Hampden/Woodberry/Remington,,,,,,,,,,,,,,,,,,,,60103.8846,20.9517,10.7964,21.8105,10.8223,35.6191,,7.8281,19.0676,"$178,000 ",28,226,66.8149,1.4525,0.8745,2.1639,3.6461,6747,24.27536232,0.724637681,,0.59,1.78,1.7,28.79246552,43.37187416,1.778568253,482.2884245,52.02312139,3.87727,56.36070853,,9.201748332,46.12376352,,,,,,0.057510927,,,,,,,526,252,334,,26.28,59.92,5.75,16.9202,13.8889,30.8383,3.776978417,67.7394636,14.25287356,,68,90.1,76,78.95,83.78,59.09,80,56.75675676,60.43956044,56.41025641,46.05263158,1.497005988,78.26086957,,4.496402878,,,,83.72093023,7.352941176,91.86,94.57013575,61.53846154,313,0,,2.136258661,,,1.035196687,1.035196687,,,,76.4,4.4,2.2,6.3,11.5,76.2,316.9,854,,,,,,,254.8309179,,,2.012882448,126,,78.26573874,5.431565475,16.30269578,6.515064287,14.64469465,35.28446797,50.07083737,544,21.32352941,929,9296,885,,,,0.287554635,3.552206674,19.37567277,34.12271259,1.942069331,,,,626,35.94432942,4966,,,36.69197147,4.025764895,65.03871967,8.466701084,8.879710893,11.82240578,27.60970573,38.31698503,20.96024781,13.11306144,,,,,,,,,,,68.66850552,18.63089268,18.944333,,0.088928413,,,,,,,,5.792462571,493,235,327,,172
35,Midtown,,,,,,,,,,,,,,,,,,,,36069.655,38.2352,14.8205,16.2381,9.0396,21.6666,,10.7872,25.4866,"$207,450 ",33,126,41.9767,2.5291,3.6047,8.6337,4.7384,3440,28.69565217,0.869565217,,2.33,0.58,29,28.96500372,47.18745504,62.20930233,282.2674419,11.91860465,5.76746,92.01065246,,16.37816245,74.76697736,,,,,,0.066577896,,,,,,,197,92,141,,75.25,14.65,6.93,11.1675,10.8696,32.6241,6.744186047,69.7029703,13.06930693,,72.5,79.31,73.33,73.53,74.29,41.67,75,41.66666667,42.59259259,52.94117647,23.68421053,2.127659574,80.55555556,,7.209302326,,,,98.97196262,3.205128205,94.06,91.08910891,66.33663366,71,0,,6.015960712,,,1.930758988,2.596537949,,,,76,7.8,2.9,2.9,12.5,87.1,276.7,764.7,,,,,,,309.9201065,,,2.796271638,578,,61.3332314,6.559131565,32.10763703,9.663250366,12.87959986,28.90317971,58.21722044,807,14.86988848,1209,14236,1146,,,,0.266311585,5.624483044,22.41521919,37.22084367,1.741839553,,,,856,56.99067909,6971,,,44.74034621,4.793608522,49.27463101,5.90387284,19.79311215,20.56263404,29.5193642,40.91081115,13.296329,16.27349565,,,,,,,,,,,45.21848547,48.98192633,35.20933425,,0.029069767,,,,,,,,4.465749968,185,89,135,,156
36,Midway/Coldstream,,,,,,,,,,,,,,,,,,,,34227.265,36.7799,21.5461,21.2901,8.1321,12.2519,,22.9826,34.6395,"$22,000 ",26,43,37.6808,2.5072,18.9007,8.7512,1.6393,4148,90.90909091,5.454545455,,4.1,0,11.1,35.60606061,69.14138154,0,148.0231437,27.72420444,15.80275,68.37073982,,20.98919368,45.92684954,,,,,,1.142975894,,,,,,,707,451,573,,98.61,0.35,0.54,11.0325,16.8514,44.5026,10.22530329,92.32293214,17.6820208,,79.66,63.04,60.14,57.35,74.26,29.71,51.41,26.63043478,32,30.33707865,21.42857143,2.966841187,70.1754386,,10.34084344,,,,78.45849802,58.41121495,88.19,87.5,38.88888889,242,5.4,,16.21501555,,,1.246882793,2.389858687,,,,68.8,8.8,8.4,20.8,30.3,115.9,328.7,1390.5,,,,,,,207.9177057,,,0.311720698,11,,55.53128413,11.70229365,32.76642222,17.44186047,24.88938053,69.31099874,5.799620733,282,4.255319149,254,2031,246,,,,0.103906899,4.330708661,17.71653543,35.43307087,10.06589093,,,,186,19.32668329,926,,,110.3491272,9.871155445,60.31649422,7.425441266,26.44552648,2.586731589,16.43335362,36.8533171,19.02008521,27.69324407,,,,,,,,,,,69.40509915,16.77683349,38.24362606,,0.361620058,,,,,,,,3.225806452,701,436,559,,4
37,Morrell Park/Violetville,,,,,,,,,,,,,,,,,,,,42176.5309,32.0332,15.0907,16.7439,12.0694,24.0628,,11.2931,17.3941,"$65,000 ",47,71,71.0843,3.3925,1.8389,2.6633,0.9512,3154,50,3.846153846,,0.63,0.32,0,38.75409836,40.92356688,0,595.7514268,85.60558022,5.59585,59.79473449,,11.37884873,48.08121374,,,,,,0,,,,,,,467,235,228,,28,58.79,7.63,16.06,21.2766,38.1579,5.591397849,80.46511628,12.65116279,,80.68,77.38,69.05,68.6,77.91,44.87,78.21,41.79104478,53.03030303,65.30612245,26.47058824,1.315789474,73.80952381,,3.76344086,,,,63.55140187,34.48275862,92.54,92.53731343,52.23880597,202,0,,3.381147541,,,1.115573405,1.673360107,,,,72.7,10.2,0,17.5,16.3,106.7,384.2,737.9,,,,,,,62.13743864,,,0.11155734,1,,62.22581805,9.403092413,28.37108954,13.19707292,31.5764407,56.56453405,11.85902524,477,10.90146751,428,6935,390,,,,0.11155734,5.607476636,19.1588785,32.71028037,3.558571033,,,,259,28.89335118,3539,,,41.16465863,4.127621598,65.67460317,19.07596372,7.057823129,5.89569161,20.71995465,46.48526077,17.03514739,15.75963719,,,,,,,,,,,63.01695924,22.58256471,23.20737876,,0.190234623,,,,,,,,2.295918367,439,226,217,,184
38,Mt. Washington/Coldspring,,,,,,,,,,,,,,,,,,,,73984.9167,21.6694,9.4595,14.2149,13.6168,41.0393,,5.0243,8.3164,"$308,000 ",26,58,82.8681,1.5326,0.0547,0.4926,4.8166,1827,20,0,,0,0.55,0,26.66666667,36.56343656,2.1893815,524.3568692,26.272578,1.14379,28.83126935,,2.321981424,26.31578947,,,,,,0,,,,,,,187,65,85,,47.12,40.85,2.76,3.7433,4.6154,14.1176,2.670623145,28.57142857,8.771929825,,100,90.48,93.02,92.31,100,80,93.33,71.42857143,68.18181818,95.23809524,54.54545455,0,94.73684211,,1.18694362,,,,82.30088496,0,86.96,89.85507246,71.01449275,98,0,,0.419815281,,,0.193498452,0.96749226,,,,81.4,3.1,0,0,6.6,29.6,212,1226.3,,,,,,,224.2647059,,,1.354489164,27,,83.85636693,3.922751961,12.22088111,4.468889653,5.273782488,25.25864244,69.46757507,98,14.28571429,238,2856,220,,,,0,0.840336134,18.06722689,36.55462185,0.629844961,,,,171,33.08823529,2325,,,16.25386997,3.289473684,79.21623513,9.062281316,9.762071379,0.454863541,16.72498251,47.09587124,18.99930021,17.17984605,,,,,,,,,,,60.22498996,29.5299317,7.713941342,,0.273672687,,,,,,,,1.504548635,168,61,85,,15
39,North Baltimore/Guilford/Homeland,,,,,,,,,,,,,,,,,,,,74276.5711,19.9401,8.4932,12.0639,6.6429,52.86,,6.8631,9.2791,"$370,000 ",28,196,75.491,0.5892,0.3928,1.0998,4.4776,5092,28.50877193,1.315789474,,0.39,0.98,0,32.16266174,56.94214876,3.338570306,478.2010998,19.44226237,2.59802,32.75309208,,3.435639029,29.20293175,,,,,,0,,,,,,,273,147,118,,40.07,50.16,3.75,4.0293,8.8435,22.8814,3.159851301,28.17589577,9.446254072,,95,88.89,100,81.36,96.49,80,94.55,63.41463415,54.28571429,70.58823529,17.24137931,0.847457627,87.87878788,,3.903345725,,,,100,0,89.55,88.05970149,67.1641791,256,0,,0.645359557,,,0.114521301,0.687127806,,,,83.8,0,0,1.5,6.1,39.4,159.8,932.9,,,,,,,188.0439762,,,0.629867155,49,,56.84872299,4.36935167,38.78192534,7.150205761,4.25490003,22.16093765,73.58416232,234,17.94871795,504,3984,479,,,,0,3.571428571,19.84126984,40.47619048,0.673400673,,,,367,21.01465873,2295,,,15.91846083,4.580852038,63.24127296,6.715267069,10.06589093,16.23440348,25.94981074,46.40403757,15.5194168,12.12673489,,,,,,,,,,,64.85975418,24.58241412,16.73495115,,0.019638649,,,,,,,,3.743165568,254,140,111,,76
40,Northwood,,,,,,,,,,,,,,,,,,,,57690.6462,18.9867,14.1568,18.9977,13.8992,33.9597,,7.5232,11.9085,"$109,900 ",42,77,82.0227,2.3784,0.45,2.5284,1.6713,4667,39.04761905,3.80952381,,0,0.21,0,36.29546307,55.14563107,0.428540819,702.3784015,93.42189844,3.57999,37.31298444,,9.132968816,27.09847984,,,,,,0.240341285,,,,,,,670,359,550,,96.67,1.42,1.47,9.403,7.2423,26.7273,6.396453452,78.60262009,14.13755459,,78.06,83.7,77.04,77.05,81.97,45.3,69.49,36.52694611,43.22916667,40.24390244,29.35323383,1.090909091,71.94244604,,7.156428119,,,,95.42334096,16.36904762,87.88,88.48484848,52.12121212,172,0,,6.478076379,,,0.120170642,0.420597248,,,,76.3,14.9,0,4.2,21.2,72.2,222.9,1034.1,,,,,,,218.890825,,,0.180255963,10,,55.45269104,10.05805743,34.48925153,15.35329341,12.60082628,63.36808971,24.03108401,63,7.936507937,182,3334,173,,,,0.060085321,6.043956044,22.52747253,42.85714286,3.416422287,,,,114,6.849726612,1878,,,28.05984498,4.446313766,65.28735632,13.14655172,14.78448276,5.057471264,12.16954023,39.71264368,27.88793103,20.22988506,,,,,,,,,,,74.00262221,14.30979584,12.64281701,,0.407113778,,,,,,,,1.724137931,646,340,537,,138
41,Oldtown/Middle East,,,,,,,,,,,,,,,,,,,,13886.6339,63.07,14.4967,10.4786,3.6242,8.3305,,50.5488,68.9916,"$102,000 ",31,41,38.6851,2.1453,34.6713,12.526,11.7647,1445,54.16666667,2.083333333,,6.23,0.69,58.5,45.20547945,45.73690621,11.07266436,258.8235294,23.52941176,7.1318,95.69903203,,33.13042611,61.07174933,,,,,,0.39916176,,,,,,,738,350,454,,96.65,0.6,1.92,16.3957,15.7143,46.0352,9.662775616,93.03346133,18.3763028,,77.22,65.63,57.81,47.79,61.06,32.74,57.02,21.58273381,27.71084337,41.93548387,20.60301508,3.083700441,77.64705882,,9.338521401,,,,71.60243408,41.54302671,84.3,86.62790698,43.60465116,138,0,,19.79002625,,,0.798323521,4.118993135,,,,72.5,10.4,5.1,6.1,21.4,105.4,292.6,896.6,,,,,,,284.9017064,,,0.09979044,3,,36.18798956,14.81288077,48.99912968,29.0443686,36.12427593,51.50078989,12.37493418,487,13.14168378,561,14974,521,,,,0.39916176,1.782531194,14.61675579,28.16399287,9.008649368,,,,439,43.20926055,6419,,,43.00967967,9.979044008,35.25641026,9.319526627,38.46153846,14.99013807,25.64102564,22.33727811,21.20315582,30.81854043,,,,,,,,,,,46.88943222,48.08475958,69.84515077,,3.044982699,,,,,,,,1.972386588,735,340,432,,29
42,Orangeville/East Highlandtown,,,,,,,,,,,,,,,,,,,,39419.8476,34.561,17.9618,20.0483,9.1713,18.2576,,12.6265,23.0009,"$94,500 ",28,85,52.469,1.6276,1.5448,2.6483,3.531,3625,48,4,,0.28,12.69,0,50.76775432,52.51748252,1.103448276,419.0344828,80.82758621,6.619,93.63706056,,20.69871865,71.62413755,,,,,,0.10951703,,,,,,,663,258,300,,22.24,20.96,53.85,11.9155,13.1783,41.6667,3.767403767,88.07769591,13.06095111,,70,58.93,65.14,72.55,77.55,46.51,66.67,34.28571429,36.73469388,39.70588235,16.83168317,2.333333333,81.13207547,,4.668304668,,,,84.12017167,90.90909091,92.31,94.35897436,42.56410256,279,1.8,,5.754669359,,,3.175993867,2.518891688,,,,72.6,5.1,0,4.9,14,121.9,307.4,1273.7,,,,,,,251.4511006,,,0.657102179,58,,63.32632212,8.173076923,28.50060096,11.45986939,39.21341816,49.20474263,11.58183921,625,16.96,594,10766,553,,,,0.32855109,3.535353535,15.48821549,29.46127946,4.259747468,,,,331,36.2501369,6490,,,76.77143796,6.571021794,53.03423849,17.04840614,19.74025974,7.981109799,10.64935065,38.91381346,30.15348288,20.28335301,,,,,,,,,,,67.20125786,17.89308176,25.94339623,,0.137931034,,,,,,,,2.195985832,614,238,281,,73
43,Patterson Park North & East,,,,,,,,,,,,,,,,,,,,56602.3931,26.6888,10.1991,17.1617,8.2343,37.7161,,25.8901,43.3927,"$201,000 ",28,291,47.1013,2.0896,3.7863,2.9065,7.117,6365,34.96143959,2.05655527,,0,0,2.9,33.02521008,51.13268608,29.69363708,316.889238,39.5915161,12.00427,89.55941989,,19.24530896,69.62677847,,,,,,0,,,,,,,936,473,535,,63.39,7.58,26.78,10.3632,15.0106,41.4953,9.053497942,89.73568282,14.27312775,,66.32,71.58,65,73.53,79.64,33.61,64.71,32.41758242,31.06796117,41.42857143,20.30456853,2.429906542,72.11538462,,8.384773663,,,,96.32352941,67.1641791,86.93,86.92579505,52.65017668,228,0,,8.75591616,,,1.237198433,1.305931679,,,,71.6,9.7,2.4,11.2,15,119.2,330.4,1229.5,,,,,,,289.6418998,,,0.068733246,14,,65.02737144,9.288342457,25.6842861,12.51965647,25.49330689,40.33713436,34.16955875,161,9.937888199,218,1345,209,,,,0,5.963302752,21.10091743,38.99082569,5.709740145,,,,153,10.44745343,686,,,126.8128394,6.873324627,55.78337104,13.36255656,18.5520362,8.922511312,14.74830317,42.43495475,27.57352941,15.24321267,,,,,,,,,,,66.04324956,23.5534775,29.28112215,,0.157109191,,,,,,,,3.379524887,894,447,499,,80
44,Penn North/Reservoir Hill,,,,,,,,,,,,,,,,,,,,31316.638,41.4609,21.1858,15.2656,6.5986,15.4891,,29.6016,44.697,"$83,500 ",30,72,36.1624,3.1198,16.2697,15.6323,4.1597,2981,53.33333333,4,,3.02,0,6,45.92511013,53.0283081,21.1338477,277.7591412,27.5075478,16.66978,60.81919735,,15.61853537,43.75258585,,,,,,1.034340091,,,,,,,660,342,516,,97.39,1.22,0.83,14.3939,15.4971,41.8605,10.14492754,90.61632426,18.43420322,,81.87,75.21,58.97,78.95,72.63,21,58.82,25.76687117,29.05405405,33.84615385,21.50537634,4.069767442,75.3968254,,7.575757576,,,,78.04878049,47.05882353,81.94,86.11111111,38.88888889,202,0,,18.51485149,,,0.930906082,0.724038064,,,,70.2,14.3,0,14.7,40.7,103.3,341.5,1175.4,,,,,,,261.894911,,,0.310302027,319,,48.66511898,13.66802089,37.66686013,21.9273743,23.96423249,53.88971684,22.14605067,142,2.816901408,189,1717,181,,,,0,8.465608466,22.22222222,38.0952381,7.731184264,,,,132,13.6532892,869,,,94.64211833,7.757550683,49.24924925,18.85885886,25.70570571,4.114114114,18.4984985,36.66666667,25.31531532,19.51951952,,,,,,,,,,,56.18285714,35.90857143,46.51428571,,0.26836632,,,,,,,,2.072072072,636,334,487,,55
45,Pimlico/Arlington/Hilltop,,,,,,,,,,,,,,,,,,,,31947.5599,42.2081,15.785,18.6428,7.3055,16.0586,,19.9132,37.0072,"$57,500 ",35,34,53.0638,2.8731,13.4503,6.8396,1.5001,3933,69.56521739,1.449275362,,9.41,0.76,19.3,50.22278803,57.59557344,0,171.8789728,57.46249682,12.12121,58.22613406,,14.13337847,42.3155044,,,,,,0.507786053,,,,,,,744,424,591,,97.61,0.9,0.9,12.5,12.9717,39.0863,9.891984082,89.23230309,17.04885344,,80.92,58.67,64,59.18,66.22,39.39,62.41,29.84293194,31.60621762,36.73469388,18.51851852,2.030456853,83.78378378,,7.276861853,,,,91.47025814,56.37254902,88.06,86.56716418,41.04477612,237,0,,10.86309524,,,0.846310088,2.11577522,,,,68.8,18.4,1,7.3,35.8,128.9,331,1232.1,,,,,,,213.0162492,,,0.169262018,4,,51.25810636,11.73800259,37.00389105,18.63290097,26.68964668,65.89929829,7.411055029,208,9.615384615,409,4163,398,,,,0.084631009,6.84596577,26.89486553,41.07579462,7.593265104,,,,335,28.35138795,3615,,,45.87000677,7.362897766,53.78616352,11.9245283,28.95597484,2.767295597,10.03773585,40.10062893,22.08805031,27.77358491,,,,,,,,,,,62.77951431,22.62563116,40.27410435,,0.533943555,,,,,,,,2.566037736,719,414,567,,8
46,Poppleton/The Terraces/Hollins Market,,,,,,,,,,,,,,,,,,,,19026.4319,62.3863,12.515,10.1335,4.9921,9.973,,44.7796,63.242,"$117,450 ",38,30,30.8254,2.7757,15.4858,28.9262,3.2871,1369,64.51612903,9.677419355,,5.11,0,34,41.27906977,58.07200929,29.94886779,130.752374,9.495982469,11.16883,84.93904837,,25.56036178,58.00235942,,,,,,0.196618168,,,,,,,349,188,286,,96.67,1.88,1.04,21.49,23.4043,39.8601,13.00121507,93.33333333,19.16666667,,84.21,60.66,58.33,40.74,58.18,32.73,52.83,27.17391304,36.55913978,28.57142857,21.62162162,1.748251748,84.12698413,,11.30012151,,,,88.37209302,65.47619048,87.88,85.85858586,44.44444444,43,0,,23.75478927,,,1.966181675,2.35941801,,,,67.8,12.4,2,18.6,27.4,151.9,405.5,1055.6,,,,,,,238.4978372,,,0.393236335,6,,53.75457875,11.38583639,34.85958486,17.47891284,30.96510531,52.6249607,16.40993398,236,8.050847458,156,1162,148,,,,0.196618168,11.53846154,26.28205128,44.23076923,8.368532207,,,,98,19.26858042,594,,,101.6515926,7.668108533,37.00120919,2.176541717,36.75937122,22.73276904,20.43530834,32.04353083,16.80773881,30.71342201,,,,,,,,,,,61.61290323,33.77880184,61.79723502,,0.146092038,,,,,,,,1.330108827,343,185,282,,45
47,Sandtown-Winchester/Harlem Park,,,,,,,,,,,,,,,,,,,,24822.4049,48.9238,18.251,16.2614,9.1891,7.3748,,31.5895,47.6349,"$32,000 ",26,67,30.7553,1.5666,34.3338,18.684,1.1379,6064,92.5,7.5,,4.78,0,17.1,35.64695801,54.73501303,0.494722955,114.6108179,10.22427441,12.34001,68.67615467,,22.42212675,44.44146079,,,,,,0.939849624,,,,,,,1137,551,783,,98.43,0.42,1.01,13.0167,14.7005,43.4227,8.458114124,93.34030683,16.91073919,,83.6,57.34,50.92,56.28,61.62,25.3,49.4,27.37642586,32.91139241,32.20338983,21.84300341,2.937420179,77.21518987,,10.96721975,,,,79.23156802,46.03174603,81.93,81.09243697,37.39495798,291,0,,23.77100187,,,1.34264232,1.275510204,,,,69.7,9.7,2.1,15.7,30.3,126.1,380.4,1027.9,,,,,,,228.4505908,,,0.067132116,2,,47.69402776,13.96627224,38.33969999,22.73968447,30.08074045,64.45450965,5.464749902,189,2.645502646,281,1807,266,,,,0,7.473309609,27.75800712,42.70462633,10.37445731,,,,219,14.7019334,1065,,,128.8265306,8.592910849,46.25490196,6.980392157,42.94117647,2.509803922,13.50980392,23.92156863,28.43137255,34.1372549,,,,,,,,,,,66.19876474,27.00729927,58.18828374,,0.346306069,,,,,,,,1.31372549,1116,543,755,,41
48,South Baltimore,,,,,,,,,,,,,,,,,,,,92130.0654,15.9456,5.943,13.3299,9.3793,55.4022,,5.1123,7.0667,"$309,750 ",15,218,70.4121,1.0673,0.3854,0.7708,7.2636,3373,15.73033708,1.123595506,,1.48,0.3,0,28.31184056,37.5,3.261191817,343.6110288,47.73198933,2.21614,47.61161411,,2.809865751,44.3334374,,,,,,0,,,,,,,142,55,55,,8.18,86.97,2.12,11.2676,16.3636,27.2727,1.984126984,57.57575758,11.21212121,,90.48,86.21,86.21,89.47,94.74,58.82,82.35,58.33333333,73.33333333,72.72727273,46.15384615,3.636363636,75,,0,,,,68.08510638,46.15384615,95.71,94.28571429,71.42857143,163,0,,0.777604977,,,2.029347487,1.2600126,,,,75.8,4.8,4,0,7.9,78.1,329.7,1582.1,,,,,,,175.3044021,,,0.156103653,3,,83.79951192,6.307490145,9.892997935,7.019009818,12.15679191,29.87716763,57.96604046,258,21.70542636,295,9401,267,,,,0.468310958,6.779661017,26.10169492,42.03389831,1.693140164,,,,196,30.59631595,8346,,,34.18669997,5.151420543,78.73406193,7.695810565,3.597449909,7.900728597,26.00182149,38.5701275,22.35883424,13.06921676,,,,,,,,,,,75.40610786,19.55815465,9.909031839,,0,,,,,,,,2.071948998,139,52,50,,36
49,Southeastern,,,,,,,,,,,,,,,,,,,,31152.4641,46.6748,20.2683,15.7265,5.1335,12.1969,,24.4696,48.9123,"$83,000 ",36,39,65.1747,2.3472,2.0197,2.6201,1.6921,1832,60.41666667,6.25,,1.64,0.55,0,40.56603774,54.20792079,1.091703057,522.9257642,92.79475983,5.83864,62.4600639,,12.61980831,49.20127796,,,,,,0,,,,,,,367,179,176,,48.81,20.05,28.43,4.9046,5.0279,43.1818,4.016620499,88.22197055,16.0815402,,93.75,87.5,73.21,69.35,66.13,52.27,54.55,25.92592593,42,37.5,32.75862069,2.840909091,82.35294118,,7.479224377,,,,94.65240642,53.39805825,94.17,92.5,43.33333333,,,,7.975034674,,,2.555910543,1.757188498,,,,72.3,9,1.8,6.8,23.5,101.8,308.8,992.5,,,,,,,130.1916933,,,0.479233227,14,,57.22222222,10.50505051,32.27272727,15.68036185,28.26350206,60.62000484,11.1164931,434,32.94930876,411,7483,378,,,,0.479233227,3.649635036,18.73479319,35.03649635,4.591730729,,,,199,31.78913738,3230,,,24.9201278,7.028753994,68.8305709,8.701657459,14.08839779,7.458563536,23.38858195,33.88581952,25.18416206,17.54143646,,,,,,,,,,,74.7826087,19.62732919,34.49275362,,0.054585153,,,,,,,,0.920810313,343,163,171,,
50,Southern Park Heights,,,,,,,,,,,,,,,,,,,,24175.1948,50.5209,14.1176,15.4002,6.524,13.4372,,38.4199,54.0628,"$28,500 ",57,40,45.1113,2.8257,18.5296,12.8032,2.0005,3999,84.375,6.25,,0.25,0,24.3,42.62008734,58.75785066,0.250062516,229.3073268,36.25906477,13.84176,58.03974706,,16.93766938,40.49984944,,,,,,0.602228245,,,,,,,874,450,691,,97.27,0.71,1.34,16.5904,18.2222,39.9421,8.039702233,89.30369128,16.73657718,,63.16,58.49,57.5,50.68,69.13,37.72,73.28,38.24884793,33.33333333,44.14414414,24.11067194,1.736613603,76.51006711,,9.776674938,,,,80.26819923,35.38175047,83.9,81.95121951,40.97560976,,,,16.03153745,,,0.677506775,0.526949714,,,,69.6,17.2,2.3,12.3,31.8,116.2,334.9,1260.9,,,,,,,193.9174947,,,0.301114122,17,,45.65238994,16.3668886,37.98072145,26.45358175,27.66794218,62.86139456,9.470663265,177,6.214689266,234,1750,224,,,,0,8.11965812,25.64102564,38.03418803,9.072457885,,,,160,12.04456489,714,,,67.37428485,8.807588076,49.04153355,11.22774989,34.96120493,3.514376997,10.77133729,34.11684162,24.48653583,30.62528526,,,,,,,,,,,62.90591174,25.49958368,43.06827644,,0.425106277,,,,,,,,1.255134642,841,430,657,,57
51,Southwest Baltimore,,,,,,,,,,,,,,,,,,,,25198.8992,49.6323,17.9725,13.8744,7.4463,11.0744,,32.9868,51.7292,"$22,000 ",37,105,26.1044,1.8498,27.078,11.0016,1.436,8217,88.96551724,8.275862069,,1.1,0,8.2,31.67825223,63.57272492,3.89436534,138.2499696,16.30765486,14.29157,83.70142578,,23.76292983,58.54067654,,,,,,0.726866089,,,,,,,1364,697,897,,84.36,10.02,3.94,16.7155,17.3601,44.2586,8.891142664,93.43607306,18.09360731,,69.13,58.68,49.17,55.42,65.98,32.11,54.67,23.5915493,28.57142857,37.59398496,23.02839117,2.787068004,74.75728155,,11.18999324,,,,87.62183236,60.13071895,89.76,86.6894198,41.63822526,236,5.5,,21.52959665,,,2.236511043,2.348336595,,,,68.3,11.7,3.8,16.3,34.9,131.8,372.2,1052.6,,,,,,,177.2994129,,,0.223651104,13,,47.33699316,15.72763171,36.93537513,24.93891265,31.43168965,59.05347753,9.514832821,697,1.578192253,519,3425,500,,,,0.055912776,7.707129094,24.27745665,43.15992293,11.13155474,,,,378,21.13502935,1916,,,152.7537042,12.07715963,43.53529044,10.20195711,35.64438892,8.390589215,12.72121591,35.64438892,24.46387674,27.17051843,,,,,,,,,,,61.36442142,28.48013817,54.17962003,,0.121698917,,,,,,,,2.227774308,1305,682,869,,216
52,The Waverlies,,,,,,,,,,,,,,,,,,,,36086.7391,39.2283,17.931,16.0844,4.9566,21.7997,,18.7212,33.8039,"$79,200 ",28,69,60.2974,2.9368,4.0892,5.2788,2.3048,2690,55.69620253,5.063291139,,0.37,0.74,2.7,36.53044204,63.45788474,1.115241636,461.7100372,52.78810409,8.17296,81.64581452,,18.57345544,61.78253579,,,,,,0.257964659,,,,,,,444,262,393,,92.83,3.23,2.99,17.3423,8.0153,37.9135,6.551410373,84.96062992,15.66929134,,78.35,65.98,67.01,61.8,74.16,30.49,60.98,34.09090909,34.07407407,48,21.05263158,3.053435115,78.82352941,,7.37033667,,,,81.56862745,53.57142857,87.36,88.50574713,47.12643678,146,0,,11.33960047,,,1.160840965,1.547787953,,,,73.2,11.3,1.5,17.8,19.7,95.1,326.5,1040.8,,,,,,,270.3469625,,,0.128982329,1,,66.71085022,12.87634918,20.41280061,16.22911695,16.23364309,60.23136734,23.53498957,173,10.98265896,201,1733,191,,,,0,6.467661692,22.88557214,39.80099502,5.892088712,,,,134,17.15464981,972,,,49.65819683,6.965045789,53.47097546,14.06343507,25.91262717,2.513464991,13.31538001,39.19808498,22.14242968,25.34410533,,,,,,,,,,,65.13324873,24.74619289,39.49873096,,0.260223048,,,,,,,,4.039497307,435,252,375,,107
53,Upton/Druid Heights,,,,,,,,,,,,,,,,,,,,15742.6051,65.5628,10.5294,10.7901,7.3698,5.7478,,50.5893,59.3831,"$30,000 ",95,43,31.1224,2.0872,33.6735,35.5288,3.525,2156,73.68421053,7.894736842,,11.6,0,41.7,31.86582809,63.60505166,5.565862709,150.742115,16.69758813,11.04728,79.09495262,,21.85263972,55.40514407,,,,,,0.676851673,,,,,,,886,390,525,,97.8126486,0.62,1,19.526,21.0256,41.9048,12.65963354,94.76937708,18.30718022,,74.03,50.27,51.08,54.22,59.64,20.63,39.37,25.28089888,29.29936306,31.25,21.12676056,3.238095238,71.02803738,,10.16102165,,,,77.55102041,39.47368421,88.52,88.52459016,38.25136612,220,0,,23.84542884,,,0.676851673,1.925653048,,,,67.9,11.8,1.7,16.6,34.2,140,395.3,1250,,,,,,,253.1425256,,,0.193386192,4,,36.51370589,14.61456914,48.87172497,28.58412322,33.20780555,55.54604587,11.24614858,312,8.653846154,300,2497,268,,,,0,6.333333333,24,37,8.433406114,,,,196,18.95184684,1019,,,70.68265326,6.381744343,43.31131296,11.10652353,36.45747316,8.298926507,16.1849711,36.91164327,19.44673823,27.4566474,,,,,,,,,,,53.25387366,38.49821216,68.4386174,,6.307977737,,,,,,,,0.825763832,865,383,510,,95
54,Washington Village,,,,,,,,,,,,,,,,,,,,48731.1377,30.6085,12.6615,21.2018,10.4705,25.0577,,24.3646,34.9908,"$80,000 ",56,59,42.5879,3.1896,7.5027,3.407,4.6394,2759,53.92156863,1.960784314,,2.54,0,0.5,37.59086189,57.78648384,11.23595506,295.7593331,39.14461762,11.89024,141.3774305,,21.98800654,118.6625477,,,,,,0.545157187,,,,,,,318,173,204,,77.8313253,15.66,2.65060241,13.2075,28.9017,35.2941,7.625899281,89.75903614,15.78313253,,94.05,53.7,59.26,73.58,79.63,31.25,55.1,38.88888889,43.05555556,53.84615385,24.32432432,1.470588235,79.54545455,,5.035971223,,,,93.8547486,11.62790698,84.78,83.69565217,45.65217391,159,0,,11.01474415,,,2.36234781,2.907504997,,,,69.6,8.9,2.3,17.1,24.2,102.6,482.6,977.8,,,,,,,271.6699982,,,0.908595312,61,,64.38105208,9.421617378,26.19733054,12.78863233,20.9422658,45.12527233,33.93246187,329,25.83586626,391,7205,347,,,,0,4.859335038,21.22762148,38.10741688,6.878306878,,,,203,36.70725059,3563,,,183.536253,14.53752499,68.66862663,5.249895002,12.55774885,10.66778664,31.20537589,28.64342713,22.21755565,17.93364133,,,,,,,,,,,63.07626023,29.55622576,28.60835847,,0.28996013,,,,,,,,2.855942881,308,169,197,,32
55,Westport/Mt. Winans/Lakeland,,,,,,,,,,,,,,,,,,,,42289.9611,35.4888,12.2619,21.7174,6.9376,23.5942,,24.1886,37.2267,"$37,700 ",41,30,50.328,3.7957,8.4349,6.6073,1.1715,2134,82.25806452,4.838709677,,1.41,0,3.888888889,45.58080808,49.68404423,0,415.651359,52.01499531,6.9889,73.74631268,,20.64896755,51.41171513,,,,,,0.140469167,,,,,,,639,324,368,,73.62776025,7.634069401,17.79179811,16.5884,16.0494,38.0435,7.96393689,91.16719243,15.52050473,,86.27,67.18,68.42,63.39,74.34,35.96,65.56,35.23809524,36.79245283,47.61904762,22.85714286,3.532608696,76.54320988,,9.166040571,,,,94.88188976,45.80152672,77.5,83.33333333,36.66666667,44,0,,11.65105386,,,0.842815002,2.107037505,,,,71.3,11.2,0,14.4,24.8,91.7,446.1,1254.9,,,,,,,133.4457087,,,0.280938334,8,,59.44432926,11.42442463,29.13124611,16.12053833,31.52294391,60.25271558,8.224340501,253,8.300395257,250,3544,229,,,,0.280938334,6,21.2,38.4,7.462686567,,,,134,18.82286838,1446,,,47.61904762,5.759235848,61.79031696,17.52002786,16.64925113,1.741553466,14.21107628,40.54336468,22.8143504,22.43120864,,,,,,,,,,,66.1325249,29.1468168,23.55998268,,0.328022493,,,,,,,,2.298850575,610,302,350,,21
56,Baltimore City,,,,,,,,,,,,,,,,,,,,41385,33.1855,15.3528,16.6333,5.4259,25.4863,,19.0828,34.0808,"$147,000 ",33,4935,57.1797,2.4772,8.0331,5.8959,3.0856,202362,44.4216182,3.397597977,,1.917356025,0.751129165,15.21899606,39.2841659,52.83053646,6.43895593,380.1998399,49.3274429,7.60657,63.30832371,,14.82862853,47.64711471,,,,,,0.301146127,,,,,,,33054,17481,23902,,84.54871143,8.09776956,5.572633769,13.14213106,13.33447743,35.61208267,7.661994719,85.09418699,16.21749682,,77.6,68.1,64.9,65,73.6,37.9,62,32.49741468,36.73161534,44.47287615,23.62567708,2.108610158,79.2614696,,7.935569676,,,,87.72971122,36.14779245,87.49432592,88.11847481,49.4666364,18535,1.181548422,,9.79796774,,,1.149830666,1.539549183,,,,73.5,10.7,1.9,9.1,18.9,92.8,303.4,1036.5,,,,,,,210.2531399,,,0.502447014,3267,,60.0864426,9.909046946,30.00451045,14.17816855,19.82774657,53.39542188,26.77683155,15521,12.99529669,22869,340804,21572,,,,0.181976002,5.177314268,21.78932179,38.0952381,5.252348682,,,,15833,25.44282169,183725,,,52.55402513,6.224223421,62.21275265,10.34598694,18.34864537,6.793463388,17.07650807,38.79354158,23.96888072,20.16106963,,,,,,,,,,,64.63067652,25.89799341,30.28307552,,0.480821498,,,,,,,,2.299151648,31853,16817,22950,,6194
